あり,蟻,http://test/img.jpeg
いぬ,犬,http://test/img.jpeg
うみ,海,http://test/img.jpeg
えき,駅,http://test/img.jpeg
おに,鬼,http://test/img.jpeg
かに,蟹,http://test/img.jpeg
きく,菊,http://test/img.jpeg
くし,櫛,http://test/img.jpeg
けん,県,http://test/img.jpeg
こま,駒,http://test/img.jpeg
さけ,鮭,http://test/img.jpeg
しか,鹿,http://test/img.jpeg
すみ,墨,http://test/img.jpeg
せん,千,http://test/img.jpeg
そら,空,http://test/img.jpeg
たこ,蛸,http://test/img.jpeg
ちり,塵,http://test/img.jpeg
つみ,罪,http://test/img.jpeg
てん,天,http://test/img.jpeg
とも,友,http://test/img.jpeg
なつ,夏,http://test/img.jpeg
にん,人,http://test/img.jpeg
ぬま,沼,http://test/img.jpeg
ねこ,猫,http://test/img.jpeg
のこ,鋸,http://test/img.jpeg
はな,花,http://test/img.jpeg
ひる,昼,http://test/img.jpeg
ふる,古,http://test/img.jpeg
へん,辺,http://test/img.jpeg
ほん,本,http://test/img.jpeg
まん,満,http://test/img.jpeg
みち,道,http://test/img.jpeg
むね,胸,http://test/img.jpeg
めし,飯,http://test/img.jpeg
もん,門,http://test/img.jpeg
やま,山,http://test/img.jpeg
ゆき,雪,http://test/img.jpeg
よる,夜,http://test/img.jpeg
らく,楽,http://test/img.jpeg
りん,凛,http://test/img.jpeg
るい,類,http://test/img.jpeg
れい,礼,http://test/img.jpeg
ろん,論,http://test/img.jpeg
わく,枠,http://test/img.jpeg
